TripNum,BOLNumber,Date,StartTime,StopTime,Transporter,VehicleRegistration,Driver,Compartment,Product,VolumeGRS,VolumeGST,LOBVolume,Capacity,Temperature,Density
2024-0073346,236837,2024/12/13,07:16,07:33,"Unitrans Supply Chain Sols",CAA329932,"Innocent Themba Khumalo",1,22753,4800,4778,0,5400,24.40,840.0
2024-0073346,236837,2024/12/13,07:16,07:33,"Unitrans Supply Chain Sols",CAA329932,"Innocent Themba Khumalo",2,22753,10500,10465,0,10800,24.40,840.0
2024-0073346,236837,2024/12/13,07:16,07:33,"Unitrans Supply Chain Sols",CAA329932,"Innocent Themba Khumalo",3,22753,12100,12068,0,12400,24.40,840.0
2024-0073346,236837,2024/12/13,07:16,07:33,"Unitrans Supply Chain Sols",CAA329932,"Innocent Themba Khumalo",4,22753,12100,12048,0,12300,24.40,840.0
2024-0073350,236838,2024/12/13,07:28,07:51,"Unitrans Supply Chain Sols",CAA173582,"Richards Kadi MOKOENA",1,23131,4999,4975,0,5000,25.40,840.0
2024-0073350,236838,2024/12/13,07:28,07:51,"Unitrans Supply Chain Sols",CAA173582,"Richards Kadi MOKOENA",2,23131,5000,4976,0,5000,25.40,840.0
2024-0073350,236838,2024/12/13,07:28,07:51,"Unitrans Supply Chain Sols",CAA173582,"Richards Kadi MOKOENA",3,23131,5000,4976,0,5700,25.40,840.0
2024-0073350,236838,2024/12/13,07:28,07:51,"Unitrans Supply Chain Sols",CAA173582,"Richards Kadi MOKOENA",4,23131,9999,9955,0,11000,25.40,840.0
2024-0073350,236838,2024/12/13,07:28,07:51,"Unitrans Supply Chain Sols",CAA173582,"Richards Kadi MOKOENA",5,23131,5000,4976,0,5300,25.40,840.0
2024-0073352,236839,2024/12/13,07:53,08:08,"Unitrans Supply Chain Sols",CAA419040,"Sibongiseni Mthembu",2,23130,5000,4962,0,5500,25.30,750.0
2024-0073352,236839,2024/12/13,07:53,08:08,"Unitrans Supply Chain Sols",CAA419040,"Sibongiseni Mthembu",3,23130,6300,6263,0,6300,25.30,750.0
2024-0073352,236839,2024/12/13,07:53,08:08,"Unitrans Supply Chain Sols",CAA419040,"Sibongiseni Mthembu",4,23130,12173,12097,0,12173,25.30,750.0
2024-0073352,236839,2024/12/13,07:53,08:08,"Unitrans Supply Chain Sols",CAA419040,"Sibongiseni Mthembu",5,23130,5865,5825,0,5865,25.30,750.0
2024-0073352,236839,2024/12/13,07:53,08:08,"Unitrans Supply Chain Sols",CAA419040,"Sibongiseni Mthembu",1,23131,4942,4921,0,4940,24.80,840.0
2024-0073356,236840,2024/12/13,07:55,08:06,"Unitrans Supply Chain Sols",CAA192673,"Nokwanda Jozi",1,22753,5000,4978,0,5200,25.10,840.0
2024-0073356,236840,2024/12/13,07:55,08:06,"Unitrans Supply Chain Sols",CAA192673,"Nokwanda Jozi",2,22753,5000,4972,0,5700,25.10,840.0
2024-0073356,236840,2024/12/13,07:55,08:06,"Unitrans Supply Chain Sols",CAA192673,"Nokwanda Jozi",3,22753,5000,4978,0,5300,25.10,840.0
2024-0073364,236841,2024/12/13,08:10,08:41,"Unitrans Supply Chain Sols",CAA329952,"Edies Ndlovu",1,23131,4800,4773,0,5400,26.40,840.0
2024-0073364,236841,2024/12/13,08:10,08:41,"Unitrans Supply Chain Sols",CAA329952,"Edies Ndlovu",2,23131,10501,10441,0,10800,26.40,840.0
2024-0073364,236841,2024/12/13,08:10,08:41,"Unitrans Supply Chain Sols",CAA329952,"Edies Ndlovu",3,23131,12100,12035,0,12400,26.40,840.0
2024-0073364,236841,2024/12/13,08:10,08:41,"Unitrans Supply Chain Sols",CAA329952,"Edies Ndlovu",4,23131,12101,12036,0,12300,26.40,840.0
2024-0073358,236842,2024/12/13,08:14,08:24,"Unitrans Supply Chain Sols",CAA425438,"Eric Makua",3,23130,6300,6256,0,6300,25.70,750.0
2024-0073358,236842,2024/12/13,08:14,08:24,"Unitrans Supply Chain Sols",CAA425438,"Eric Makua",4,23130,10000,9917,0,12320,25.70,750.0
2024-0073358,236842,2024/12/13,08:14,08:24,"Unitrans Supply Chain Sols",CAA425438,"Eric Makua",5,23130,5000,4963,0,5936,25.70,750.0
2024-0073358,236842,2024/12/13,08:14,08:24,"Unitrans Supply Chain Sols",CAA425438,"Eric Makua",1,23131,5000,4974,0,5000,25.90,840.0
2024-0073358,236842,2024/12/13,08:14,08:24,"Unitrans Supply Chain Sols",CAA425438,"Eric Makua",2,23131,5000,4975,0,5000,25.90,840.0
2024-0073365,236843,2024/12/13,08:31,08:42,"Unitrans Supply Chain Sols",CAA130046,"Sunboy Khulelaphi Phiri",3,,0,0,0,5500,0.00,0.0
2024-0073365,236843,2024/12/13,08:31,08:42,"Unitrans Supply Chain Sols",CAA130046,"Sunboy Khulelaphi Phiri",4,23130,10000,9923,0,13328,26.30,750.0
2024-0073365,236843,2024/12/13,08:31,08:42,"Unitrans Supply Chain Sols",CAA130046,"Sunboy Khulelaphi Phiri",5,23130,10000,9923,0,13328,26.30,750.0
2024-0073365,236843,2024/12/13,08:31,08:42,"Unitrans Supply Chain Sols",CAA130046,"Sunboy Khulelaphi Phiri",1,23131,5001,4975,0,5000,25.90,840.0
2024-0073365,236843,2024/12/13,08:31,08:42,"Unitrans Supply Chain Sols",CAA130046,"Sunboy Khulelaphi Phiri",2,23131,4994,4969,0,5000,25.90,840.0
2024-0073369,236844,2024/12/13,08:42,08:54,"Unitrans Supply Chain Sols",CAA198199,"Enock Ndlangamandla",2,22753,3000,2985,0,4446,25.90,840.0
2024-0073369,236844,2024/12/13,08:42,08:54,"Unitrans Supply Chain Sols",CAA198199,"Enock Ndlangamandla",3,22753,3000,2984,0,4051,25.90,840.0
2024-0073369,236844,2024/12/13,08:42,08:54,"Unitrans Supply Chain Sols",CAA198199,"Enock Ndlangamandla",4,22753,2999,2983,0,3311,25.90,840.0
2024-0073369,236844,2024/12/13,08:42,08:54,"Unitrans Supply Chain Sols",CAA198199,"Enock Ndlangamandla",1,23131,4249,4228,0,4249,25.80,840.0
2024-0073381,236845,2024/12/13,08:54,09:18,"Unitrans Supply Chain Sols",CAA170724,"Ivor Peterson",1,23131,5000,4971,0,5000,26.90,840.0
2024-0073381,236845,2024/12/13,08:54,09:18,"Unitrans Supply Chain Sols",CAA170724,"Ivor Peterson",2,23131,5000,4970,0,5000,26.90,840.0
2024-0073381,236845,2024/12/13,08:54,09:18,"Unitrans Supply Chain Sols",CAA170724,"Ivor Peterson",3,23131,5000,4970,0,5700,26.90,840.0
2024-0073381,236845,2024/12/13,08:54,09:18,"Unitrans Supply Chain Sols",CAA170724,"Ivor Peterson",4,23131,10000,9942,0,11000,26.90,840.0
2024-0073381,236845,2024/12/13,08:54,09:18,"Unitrans Supply Chain Sols",CAA170724,"Ivor Peterson",5,23131,5000,4970,0,5300,26.90,840.0
2024-0073392,236846,2024/12/13,09:38,09:51,"Unitrans Supply Chain Sols",CAA425430,"THABANG ESTHER MAKWEABA",4,23130,10000,9886,0,12320,28.90,750.0
2024-0073392,236846,2024/12/13,09:38,09:51,"Unitrans Supply Chain Sols",CAA425430,"THABANG ESTHER MAKWEABA",5,23130,5675,5614,0,5936,28.90,750.0
2024-0073392,236846,2024/12/13,09:38,09:51,"Unitrans Supply Chain Sols",CAA425430,"THABANG ESTHER MAKWEABA",1,23131,4496,4468,0,5000,27.90,840.0
2024-0073392,236846,2024/12/13,09:38,09:51,"Unitrans Supply Chain Sols",CAA425430,"THABANG ESTHER MAKWEABA",2,23131,4493,4463,0,5000,27.90,840.0
2024-0073392,236846,2024/12/13,09:38,09:51,"Unitrans Supply Chain Sols",CAA425430,"THABANG ESTHER MAKWEABA",3,23131,5295,5256,0,5700,27.90,840.0
2024-0073402,236847,2024/12/13,10:11,10:24,"Unitrans Supply Chain Sols",CAA418992,"Prince Sabelo Gumbi",1,22753,5000,4957,0,5000,28.50,840.0
2024-0073402,236847,2024/12/13,10:11,10:24,"Unitrans Supply Chain Sols",CAA418992,"Prince Sabelo Gumbi",2,22753,5000,4950,0,5000,28.50,840.0
2024-0073402,236847,2024/12/13,10:11,10:24,"Unitrans Supply Chain Sols",CAA418992,"Prince Sabelo Gumbi",3,22753,5001,4956,0,5700,28.50,840.0
2024-0073402,236847,2024/12/13,10:11,10:24,"Unitrans Supply Chain Sols",CAA418992,"Prince Sabelo Gumbi",4,22753,10011,9936,0,11000,28.50,840.0
2024-0073402,236847,2024/12/13,10:11,10:24,"Unitrans Supply Chain Sols",CAA418992,"Prince Sabelo Gumbi",5,22753,4994,4960,0,5300,28.50,840.0
2024-0073409,236848,2024/12/13,10:17,10:34,"Unitrans Supply Chain Sols",CAA419006,"Simon Mokoena",4,23130,12320,12166,0,12320,30.30,750.0
2024-0073409,236848,2024/12/13,10:17,10:34,"Unitrans Supply Chain Sols",CAA419006,"Simon Mokoena",5,23131,4000,3976,0,5300,27.40,840.0
2024-0073409,236848,2024/12/13,10:17,10:34,"Unitrans Supply Chain Sols",CAA419006,"Simon Mokoena",1,23131,4001,3972,0,5000,27.40,840.0
2024-0073409,236848,2024/12/13,10:17,10:34,"Unitrans Supply Chain Sols",CAA419006,"Simon Mokoena",2,23131,4000,3975,0,5000,27.40,840.0
2024-0073409,236848,2024/12/13,10:17,10:34,"Unitrans Supply Chain Sols",CAA419006,"Simon Mokoena",3,23131,5000,4970,0,5700,27.40,840.0
2024-0073348,39721,2024/12/13,08:56,09:25,"Unitrans Supply Chain Sols",CAA306835,"Mpho Patrick Mokoena",4,23119,7000,6941,0,13345,26.90,750.0
2024-0073348,39721,2024/12/13,08:56,09:25,"Unitrans Supply Chain Sols",CAA306835,"Mpho Patrick Mokoena",1,23130,3000,2974,0,5800,26.00,750.0
2024-0073348,39721,2024/12/13,08:56,09:25,"Unitrans Supply Chain Sols",CAA306835,"Mpho Patrick Mokoena",2,23130,10000,9931,0,11800,26.00,750.0
2024-0073348,39721,2024/12/13,08:56,09:25,"Unitrans Supply Chain Sols",CAA306835,"Mpho Patrick Mokoena",3,23131,12001,11991,0,12154,21.00,840.0
2024-0073351,39722,2024/12/13,08:55,09:25,"Unitrans Supply Chain Sols",CAA133421,"Hendrik Marais",1,23119,5400,5355,0,5490,24.30,750.0
2024-0073351,39722,2024/12/13,08:55,09:25,"Unitrans Supply Chain Sols",CAA133421,"Hendrik Marais",5,23119,5801,5788,0,5820,24.30,750.0
2024-0073351,39722,2024/12/13,08:55,09:25,"Unitrans Supply Chain Sols",CAA133421,"Hendrik Marais",2,23130,5500,5455,0,5500,26.40,750.0
2024-0073351,39722,2024/12/13,08:55,09:25,"Unitrans Supply Chain Sols",CAA133421,"Hendrik Marais",3,23130,6300,6253,0,6300,26.40,750.0
2024-0073351,39722,2024/12/13,08:55,09:25,"Unitrans Supply Chain Sols",CAA133421,"Hendrik Marais",4,23131,11000,10958,0,11000,24.50,840.0
2024-0073423,39725,2024/12/13,12:17,12:48,"Unitrans Supply Chain Sols",CAA419011,"Johannes Lehana Mosia",4,23130,12300,12142,0,12320,30.60,750.0
2024-0073423,39725,2024/12/13,12:17,12:48,"Unitrans Supply Chain Sols",CAA419011,"Johannes Lehana Mosia",5,23131,5300,5262,0,5300,31.50,840.0
2024-0073423,39725,2024/12/13,12:17,12:48,"Unitrans Supply Chain Sols",CAA419011,"Johannes Lehana Mosia",1,23131,5000,4949,0,5000,31.50,840.0
2024-0073423,39725,2024/12/13,12:17,12:48,"Unitrans Supply Chain Sols",CAA419011,"Johannes Lehana Mosia",2,23131,5000,4936,0,5000,31.50,840.0
2024-0073423,39725,2024/12/13,12:17,12:48,"Unitrans Supply Chain Sols",CAA419011,"Johannes Lehana Mosia",3,23131,5700,5647,0,5700,31.50,840.0
2024-0073345,341427,2024/12/13,07:12,07:38,"ManLine Energy",JZX168MP,"Tsietsi Simon Mathe",1,22753,4999,4959,0,5300,30.80,840.0
2024-0073345,341427,2024/12/13,07:12,07:38,"ManLine Energy",JZX168MP,"Tsietsi Simon Mathe",2,22753,10500,10404,0,11000,30.80,840.0
2024-0073345,341427,2024/12/13,07:12,07:38,"ManLine Energy",JZX168MP,"Tsietsi Simon Mathe",3,22753,11999,11885,0,12300,30.80,840.0
2024-0073345,341427,2024/12/13,07:12,07:38,"ManLine Energy",JZX168MP,"Tsietsi Simon Mathe",4,22753,11999,11885,0,12300,30.80,840.0
2024-0073347,341428,2024/12/13,07:30,08:04,"Reef Tankers",HH81RLGP,"Lusapho Dzanibe",3,23130,6699,6643,0,6832,26.90,750.0
2024-0073347,341428,2024/12/13,07:30,08:04,"Reef Tankers",HH81RLGP,"Lusapho Dzanibe",4,23130,12999,12890,0,13048,26.90,750.0
2024-0073347,341428,2024/12/13,07:30,08:04,"Reef Tankers",HH81RLGP,"Lusapho Dzanibe",5,23131,5000,4955,0,5950,29.50,840.0
2024-0073347,341428,2024/12/13,07:30,08:04,"Reef Tankers",HH81RLGP,"Lusapho Dzanibe",1,23131,5000,4964,0,5400,29.50,840.0
2024-0073347,341428,2024/12/13,07:30,08:04,"Reef Tankers",HH81RLGP,"Lusapho Dzanibe",2,23131,10000,9918,0,11150,29.50,840.0
2024-0073378,341437,2024/12/13,08:43,09:09,"Alter Clique",FZC027L,"Morapedi Johannes Motaung",1,22753,4999,4953,0,5000,30.60,840.0
2024-0073378,341437,2024/12/13,08:43,09:09,"Alter Clique",FZC027L,"Morapedi Johannes Motaung",2,22753,10499,10404,0,10500,30.60,840.0
2024-0073378,341437,2024/12/13,08:43,09:09,"Alter Clique",FZC027L,"Morapedi Johannes Motaung",3,22753,12300,12190,0,12500,30.60,840.0
2024-0073378,341437,2024/12/13,08:43,09:09,"Alter Clique",FZC027L,"Morapedi Johannes Motaung",4,22753,12299,12188,0,12500,30.60,840.0
2024-0073396,341438,2024/12/13,09:26,09:59,"Tanker Services Fuel",KP80NNGP,"Siyabonga Jili",2,23130,5700,5652,0,5900,26.80,750.0
2024-0073396,341438,2024/12/13,09:26,09:59,"Tanker Services Fuel",KP80NNGP,"Siyabonga Jili",3,23130,6160,6109,0,6160,26.80,750.0
2024-0073396,341438,2024/12/13,09:26,09:59,"Tanker Services Fuel",KP80NNGP,"Siyabonga Jili",4,23523,10500,10407,0,11268,30.10,840.0
2024-0073396,341438,2024/12/13,09:26,09:59,"Tanker Services Fuel",KP80NNGP,"Siyabonga Jili",5,23523,5100,5056,0,5429,30.10,840.0
2024-0073396,341438,2024/12/13,09:26,09:59,"Tanker Services Fuel",KP80NNGP,"Siyabonga Jili",1,23523,5100,5058,0,5532,30.10,840.0
2024-0073401,341441,2024/12/13,09:27,10:20,"Tanker Services Fuel",KR64VWGP,"Douglas Jabulani Ncube",2,,0,0,0,5900,0.00,0.0
2024-0073401,341441,2024/12/13,09:27,10:20,"Tanker Services Fuel",KR64VWGP,"Douglas Jabulani Ncube",3,23130,3099,3072,0,4592,27.20,750.0
2024-0073401,341441,2024/12/13,09:27,10:20,"Tanker Services Fuel",KR53HNGP,"Douglas Jabulani Ncube",1,23130,3500,3470,0,3967,27.20,750.0
2024-0073401,341441,2024/12/13,09:27,10:20,"Tanker Services Fuel",KR53HNGP,"Douglas Jabulani Ncube",2,23130,3999,3964,0,4251,27.20,750.0
2024-0073401,341441,2024/12/13,09:27,10:20,"Tanker Services Fuel",KR53HNGP,"Douglas Jabulani Ncube",3,23130,3999,3963,0,4024,27.20,750.0
2024-0073401,341441,2024/12/13,09:27,10:20,"Tanker Services Fuel",KR53HNGP,"Douglas Jabulani Ncube",4,23130,4000,3964,0,4533,27.20,750.0
2024-0073401,341441,2024/12/13,09:27,10:20,"Tanker Services Fuel",KR64VWGP,"Douglas Jabulani Ncube",1,23523,4500,4462,0,4866,30.40,840.0
2024-0073401,341441,2024/12/13,09:27,10:20,"Tanker Services Fuel",KR64VWGP,"Douglas Jabulani Ncube",4,23523,4500,4459,0,4917,30.40,840.0
2024-0073401,341441,2024/12/13,09:27,10:20,"Tanker Services Fuel",KR64VWGP,"Douglas Jabulani Ncube",5,23523,4499,4458,0,4917,30.40,840.0
2024-0073399,341443,2024/12/13,09:45,10:11,"ManLine Energy",KBB398MP,"Sandile Zeihan Mchunu",1,22753,4999,4953,0,5237,30.80,840.0
2024-0073399,341443,2024/12/13,09:45,10:11,"ManLine Energy",KBB398MP,"Sandile Zeihan Mchunu",2,22753,9999,9906,0,10869,30.80,840.0
2024-0073399,341443,2024/12/13,09:45,10:11,"ManLine Energy",KBB398MP,"Sandile Zeihan Mchunu",3,22753,12000,11888,0,12154,30.80,840.0
2024-0073399,341443,2024/12/13,09:45,10:11,"ManLine Energy",KBB398MP,"Sandile Zeihan Mchunu",4,22753,12000,11891,0,12154,30.80,840.0
2024-0073420,341445,2024/12/13,10:37,11:00,"Tanker Services Fuel",KP80MRGP,"Musawenkosi Kunene",4,22753,10000,9909,0,11000,30.70,840.0
2024-0073420,341445,2024/12/13,10:37,11:00,"Tanker Services Fuel",KP80MRGP,"Musawenkosi Kunene",5,22753,4999,4953,0,5300,30.70,840.0
2024-0073420,341445,2024/12/13,10:37,11:00,"Tanker Services Fuel",KP80MRGP,"Musawenkosi Kunene",2,23130,4000,3966,0,5900,27.10,750.0
2024-0073420,341445,2024/12/13,10:37,11:00,"Tanker Services Fuel",KP80MRGP,"Musawenkosi Kunene",3,23130,3999,3964,0,6160,27.10,750.0
2024-0073420,341445,2024/12/13,10:37,11:00,"Tanker Services Fuel",KP80MRGP,"Musawenkosi Kunene",1,23523,4499,4460,0,5532,30.20,840.0
2024-0073426,341447,2024/12/13,11:14,11:47,"Tanker Services Fuel",KP69XNGP,"Bongani Xhawulani Mbambo",3,23117,3399,3369,0,5327,30.10,840.0
2024-0073426,341447,2024/12/13,11:14,11:47,"Tanker Services Fuel",KP69XNGP,"Bongani Xhawulani Mbambo",4,23130,8899,8829,0,13500,26.50,750.0
2024-0073426,341447,2024/12/13,11:14,11:47,"Tanker Services Fuel",KP69XNGP,"Bongani Xhawulani Mbambo",5,23130,11999,11904,0,13600,26.50,750.0
2024-0073426,341447,2024/12/13,11:14,11:47,"Tanker Services Fuel",KP69XNGP,"Bongani Xhawulani Mbambo",1,23523,5100,5056,0,5429,30.10,840.0
2024-0073426,341447,2024/12/13,11:14,11:47,"Tanker Services Fuel",KP69XNGP,"Bongani Xhawulani Mbambo",2,23523,5099,5055,0,5429,30.10,840.0
2024-0073410,341448,2024/12/13,10:14,10:37,"Tanker Services Fuel",KP69WCGP,"Mondli Mbonambi",5,,0,0,0,13600,0.00,0.0
2024-0073410,341448,2024/12/13,10:14,10:37,"Tanker Services Fuel",KP69WCGP,"Mondli Mbonambi",2,,0,0,0,6000,0.00,0.0
2024-0073410,341448,2024/12/13,10:14,10:37,"Tanker Services Fuel",KP69WCGP,"Mondli Mbonambi",3,23130,5684,5638,0,5685,26.80,750.0
2024-0073410,341448,2024/12/13,10:14,10:37,"Tanker Services Fuel",KP69WCGP,"Mondli Mbonambi",4,23130,13199,13090,0,13339,26.80,750.0
2024-0073410,341448,2024/12/13,10:14,10:37,"Tanker Services Fuel",KP69WCGP,"Mondli Mbonambi",1,23523,5101,5058,0,5300,29.90,840.0
2024-0073429,341454,2024/12/13,12:03,12:16,"Tanker Services Fuel",KP55MSGP,"Syanda Makhaye",1,22753,3500,3473,0,3500,29.20,840.0
2024-0073429,341454,2024/12/13,12:03,12:16,"Tanker Services Fuel",KP55MSGP,"Syanda Makhaye",2,22753,3700,3671,0,3750,29.20,840.0
2024-0073429,341454,2024/12/13,12:03,12:16,"Tanker Services Fuel",KP55MSGP,"Syanda Makhaye",3,22753,3549,3521,0,3550,29.20,840.0
2024-0073429,341454,2024/12/13,12:03,12:16,"Tanker Services Fuel",KP55MSGP,"Syanda Makhaye",4,22753,4000,3967,0,4000,29.20,840.0
2024-0073440,341455,2024/12/13,12:32,12:47,"Tanker Services Fuel",HG68LCGP,"Jabulani Joman Nxumalo",1,23130,4001,3970,0,4144,26.20,750.0
2024-0073440,341455,2024/12/13,12:32,12:47,"Tanker Services Fuel",HG68LCGP,"Jabulani Joman Nxumalo",2,23131,3699,3671,0,3750,28.90,840.0
2024-0073440,341455,2024/12/13,12:32,12:47,"Tanker Services Fuel",HG68LCGP,"Jabulani Joman Nxumalo",3,23131,3699,3670,0,3700,28.90,840.0
2024-0073440,341455,2024/12/13,12:32,12:47,"Tanker Services Fuel",HG68LCGP,"Jabulani Joman Nxumalo",4,23131,4000,3969,0,4100,28.90,840.0
2024-0073377,116618,2024/12/13,07:15,07:51,"Tanker Services Fuel",KP69ZRGP,"Vincent Magubane",4,23130,11990,11862,0,13440,27.50,750.0
2024-0073377,116618,2024/12/13,07:15,07:51,"Tanker Services Fuel",KP69ZRGP,"Vincent Magubane",2,23130,5890,5855,0,5900,27.50,750.0
2024-0073377,116618,2024/12/13,07:15,07:51,"Tanker Services Fuel",KP69ZRGP,"Vincent Magubane",3,23131,5200,5159,0,5200,29.60,840.0
2024-0073377,116618,2024/12/13,07:15,07:51,"Tanker Services Fuel",KP69ZRGP,"Vincent Magubane",5,23131,12001,11885,0,12500,29.60,840.0
2024-0073377,116618,2024/12/13,07:15,07:51,"Tanker Services Fuel",KP69ZRGP,"Vincent Magubane",1,23131,3998,3981,0,5400,29.60,840.0
2024-0073380,116619,2024/12/13,07:20,07:35,"Tanker Services Fuel",KP74KMGP,"Nhlanhla Mthandeni Hlatshwayo",2,,0,0,0,4300,0.00,0.0
2024-0073380,116619,2024/12/13,07:20,07:35,"Tanker Services Fuel",KP74KMGP,"Nhlanhla Mthandeni Hlatshwayo",3,22753,3000,2971,0,3950,30.90,840.0
2024-0073380,116619,2024/12/13,07:20,07:35,"Tanker Services Fuel",KP74KMGP,"Nhlanhla Mthandeni Hlatshwayo",4,22753,3983,3944,0,4000,30.90,840.0
2024-0073380,116619,2024/12/13,07:20,07:35,"Tanker Services Fuel",KP74KMGP,"Nhlanhla Mthandeni Hlatshwayo",1,22753,2997,2972,0,3500,30.90,840.0
2024-0073123,177586,2024/12/12,07:34,08:02,"Unitrans Supply Chain Sols",CAA425318,"Andries Maqala Radebe",1,23119,4999,4957,0,5490,28.00,750.0
2024-0073123,177586,2024/12/12,07:34,08:02,"Unitrans Supply Chain Sols",CAA425318,"Andries Maqala Radebe",2,23119,4998,4943,0,5490,28.00,750.0
2024-0073123,177586,2024/12/12,07:34,08:02,"Unitrans Supply Chain Sols",CAA425318,"Andries Maqala Radebe",3,23130,5002,4975,0,6300,24.60,750.0
2024-0073123,177586,2024/12/12,07:34,08:02,"Unitrans Supply Chain Sols",CAA425318,"Andries Maqala Radebe",5,23130,4999,4969,0,5936,24.60,750.0
2024-0073123,177586,2024/12/12,07:34,08:02,"Unitrans Supply Chain Sols",CAA425318,"Andries Maqala Radebe",4,23131,11000,10959,0,11000,24.30,840.0
2024-0073150,177587,2024/12/12,07:32,09:09,Makwande,KP75JPGP,"Bethuel Mzamani Mabunda",3,23119,3998,3978,0,6618,24.00,750.0
2024-0073150,177587,2024/12/12,07:32,09:09,Makwande,KP75JPGP,"Bethuel Mzamani Mabunda",4,23130,12893,12782,0,12893,26.10,750.0
2024-0073150,177587,2024/12/12,07:32,09:09,Makwande,KP75JPGP,"Bethuel Mzamani Mabunda",1,23130,5976,5941,0,5976,26.10,750.0
2024-0073150,177587,2024/12/12,07:32,09:09,Makwande,KP75JPGP,"Bethuel Mzamani Mabunda",2,23130,12173,12085,0,12173,26.10,750.0
2024-0073150,177587,2024/12/12,07:32,09:09,Makwande,KP75JPGP,"Bethuel Mzamani Mabunda",5,23131,5000,4984,0,5781,23.70,840.0
2024-0073136,177589,2024/12/12,08:10,08:39,Makwande,KP57DGGP,"Mporo Lucas Mashilangwako",4,23119,10901,10780,0,12641,29.10,750.0
2024-0073136,177589,2024/12/12,08:10,08:39,Makwande,KP57DGGP,"Mporo Lucas Mashilangwako",1,23130,5975,5938,0,5976,25.20,750.0
2024-0073136,177589,2024/12/12,08:10,08:39,Makwande,KP57DGGP,"Mporo Lucas Mashilangwako",2,23130,12171,12094,0,12173,25.20,750.0
2024-0073136,177589,2024/12/12,08:10,08:39,Makwande,KP57DGGP,"Mporo Lucas Mashilangwako",3,23130,6499,6457,0,6751,25.20,750.0
2024-0073136,177589,2024/12/12,08:10,08:39,Makwande,KP57DGGP,"Mporo Lucas Mashilangwako",5,23131,2801,2787,0,5781,25.80,840.0
2024-0073164,177591,2024/12/12,09:06,09:38,Makwande,KP09PHGP,"Daniel Zabulon Maseko",5,23119,5300,5237,0,6348,29.80,750.0
2024-0073164,177591,2024/12/12,09:06,09:38,Makwande,KP09PHGP,"Daniel Zabulon Maseko",1,23130,5098,5059,0,5976,25.90,750.0
2024-0073164,177591,2024/12/12,09:06,09:38,Makwande,KP09PHGP,"Daniel Zabulon Maseko",2,23130,10999,10922,0,12173,25.90,750.0
2024-0073164,177591,2024/12/12,09:06,09:38,Makwande,KP09PHGP,"Daniel Zabulon Maseko",3,23130,5001,4966,0,6751,25.90,750.0
2024-0073164,177591,2024/12/12,09:06,09:38,Makwande,KP09PHGP,"Daniel Zabulon Maseko",4,23131,11500,11439,0,11512,26.30,840.0
2024-0073168,177592,2024/12/12,09:27,09:54,Makwande,KN23LYGP,"Victor Selomo",3,23119,6101,6028,0,7000,29.80,750.0
2024-0073168,177592,2024/12/12,09:27,09:54,Makwande,KN23LYGP,"Victor Selomo",1,23130,5900,5859,0,6100,25.40,750.0
2024-0073168,177592,2024/12/12,09:27,09:54,Makwande,KN23LYGP,"Victor Selomo",2,23130,5900,5863,0,6100,25.40,750.0
2024-0073168,177592,2024/12/12,09:27,09:54,Makwande,KN23LYGP,"Victor Selomo",4,23131,11001,10943,0,11857,25.90,840.0
2024-0073168,177592,2024/12/12,09:27,09:54,Makwande,KN23LYGP,"Victor Selomo",5,23131,5403,5377,0,5632,25.90,840.0
2024-0073183,177593,2024/12/12,09:41,10:20,Makwande,KS49WLGP,"Bernerd Makhafole",1,22753,4000,3978,0,4249,25.90,840.0
2024-0073183,177593,2024/12/12,09:41,10:20,Makwande,KS49WLGP,"Bernerd Makhafole",2,22753,3500,3482,0,3952,25.90,840.0
2024-0073183,177593,2024/12/12,09:41,10:20,Makwande,KS49WLGP,"Bernerd Makhafole",3,22753,3500,3483,0,3656,25.90,840.0
2024-0073183,177593,2024/12/12,09:41,10:20,Makwande,KS49WLGP,"Bernerd Makhafole",4,22753,3360,3343,0,3360,25.90,840.0
2024-0073183,177593,2024/12/12,09:41,10:20,Makwande,KS49VWGP,"Bernerd Makhafole",1,22753,4550,4526,0,4940,25.90,840.0
2024-0073183,177593,2024/12/12,09:41,10:20,Makwande,KS49VWGP,"Bernerd Makhafole",2,22753,4550,4526,0,4940,25.90,840.0
2024-0073183,177593,2024/12/12,09:41,10:20,Makwande,KS49VWGP,"Bernerd Makhafole",3,22753,4500,4477,0,4940,25.90,840.0
2024-0073183,177593,2024/12/12,09:41,10:20,Makwande,KS49VWGP,"Bernerd Makhafole",4,22753,5040,5015,0,6027,25.90,840.0
2024-0073183,177593,2024/12/12,09:41,10:20,Makwande,KS49VWGP,"Bernerd Makhafole",5,22753,5000,4975,0,6027,25.90,840.0
2024-0073162,177594,2024/12/12,09:10,09:41,Makwande,KN31RWGP,"Madala Bright Mogane",5,23119,5000,4944,0,6424,29.20,750.0
2024-0073162,177594,2024/12/12,09:10,09:41,Makwande,KN31RWGP,"Madala Bright Mogane",1,23130,5000,4963,0,6048,25.70,750.0
2024-0073162,177594,2024/12/12,09:10,09:41,Makwande,KN31RWGP,"Madala Bright Mogane",2,23130,10001,9933,0,12320,25.70,750.0
2024-0073162,177594,2024/12/12,09:10,09:41,Makwande,KN31RWGP,"Madala Bright Mogane",3,23130,4909,4876,0,6832,25.70,750.0
2024-0073162,177594,2024/12/12,09:10,09:41,Makwande,KN31RWGP,"Madala Bright Mogane",4,23131,11500,11442,0,11650,26.00,840.0
2024-0073185,177595,2024/12/12,09:51,10:29,Makwande,KS49XBGP,"Lesetsa Ramalepe",1,22753,4000,3980,0,4249,25.60,840.0
2024-0073185,177595,2024/12/12,09:51,10:29,Makwande,KS49XBGP,"Lesetsa Ramalepe",2,22753,3500,3483,0,3952,25.60,840.0
2024-0073185,177595,2024/12/12,09:51,10:29,Makwande,KS49XBGP,"Lesetsa Ramalepe",3,22753,3600,3582,0,3656,25.60,840.0
2024-0073185,177595,2024/12/12,09:51,10:29,Makwande,KS49XBGP,"Lesetsa Ramalepe",4,22753,3300,3283,0,3360,25.60,840.0
2024-0073185,177595,2024/12/12,09:51,10:29,Makwande,KS49WFGP,"Lesetsa Ramalepe",1,22753,4900,4876,0,4940,25.60,840.0
2024-0073185,177595,2024/12/12,09:51,10:29,Makwande,KS49WFGP,"Lesetsa Ramalepe",2,22753,4901,4877,0,4940,25.60,840.0
2024-0073185,177595,2024/12/12,09:51,10:29,Makwande,KS49WFGP,"Lesetsa Ramalepe",3,22753,4000,3981,0,4940,25.60,840.0
2024-0073185,177595,2024/12/12,09:51,10:29,Makwande,KS49WFGP,"Lesetsa Ramalepe",4,22753,5900,5872,0,6100,25.60,840.0
2024-0073185,177595,2024/12/12,09:51,10:29,Makwande,KS49WFGP,"Lesetsa Ramalepe",5,22753,5900,5872,0,6100,25.60,840.0
2024-0073184,177596,2024/12/12,10:00,10:26,"Unitrans Supply Chain Sols",CAA548852,"Meshack Khupe",1,23119,5000,4939,0,5710,29.90,750.0
2024-0073184,177596,2024/12/12,10:00,10:26,"Unitrans Supply Chain Sols",CAA548852,"Meshack Khupe",2,23119,5000,4940,0,5710,29.90,750.0
2024-0073184,177596,2024/12/12,10:00,10:26,"Unitrans Supply Chain Sols",CAA548852,"Meshack Khupe",3,23130,5000,4950,0,5824,27.80,750.0
2024-0073184,177596,2024/12/12,10:00,10:26,"Unitrans Supply Chain Sols",CAA548852,"Meshack Khupe",4,23130,8000,7927,0,13440,27.80,750.0
2024-0073184,177596,2024/12/12,10:00,10:26,"Unitrans Supply Chain Sols",CAA548852,"Meshack Khupe",5,23131,9000,8954,0,12000,25.90,840.0
2024-0073186,177597,2024/12/12,10:05,10:30,Makwande,KNF950MP,"Thando Peace DYANTYI",3,,0,0,0,5900,0.00,0.0
2024-0073186,177597,2024/12/12,10:05,10:30,Makwande,KNF950MP,"Thando Peace DYANTYI",2,23119,5643,5575,0,5642,30.00,750.0
2024-0073186,177597,2024/12/12,10:05,10:30,Makwande,KNF950MP,"Thando Peace DYANTYI",4,23130,11000,10922,0,13059,25.70,750.0
2024-0073186,177597,2024/12/12,10:05,10:30,Makwande,KNF950MP,"Thando Peace DYANTYI",5,23130,10999,10925,0,13059,25.70,750.0
2024-0073186,177597,2024/12/12,10:05,10:30,Makwande,KNF950MP,"Thando Peace DYANTYI",1,23131,5138,5112,0,5138,25.90,840.0
2024-0073191,177598,2024/12/12,10:43,11:29,"Unitrans Supply Chain Sols",CAA130019,"Vusi Cilo",1,23119,5492,5425,0,5490,30.20,750.0
2024-0073191,177598,2024/12/12,10:43,11:29,"Unitrans Supply Chain Sols",CAA130019,"Vusi Cilo",2,23119,5491,5423,0,5490,30.20,750.0
2024-0073191,177598,2024/12/12,10:43,11:29,"Unitrans Supply Chain Sols",CAA130019,"Vusi Cilo",3,23119,5491,5423,0,5490,30.20,750.0
2024-0073191,177598,2024/12/12,10:43,11:29,"Unitrans Supply Chain Sols",CAA130019,"Vusi Cilo",4,23119,13002,12847,0,13067,30.20,750.0
2024-0073191,177598,2024/12/12,10:43,11:29,"Unitrans Supply Chain Sols",CAA130019,"Vusi Cilo",5,23119,13000,12835,0,13067,30.20,750.0
2024-0073189,177599,2024/12/12,10:58,11:29,Makwande,KR18VMGP,"Molatela Kgwele",1,23131,5336,5305,0,5336,26.90,840.0
2024-0073189,177599,2024/12/12,10:58,11:29,Makwande,KR18VMGP,"Molatela Kgwele",2,23131,10868,10794,0,10869,26.90,840.0
2024-0073189,177599,2024/12/12,10:58,11:29,Makwande,KR18VMGP,"Molatela Kgwele",3,23131,5799,5767,0,6027,26.90,840.0
2024-0073189,177599,2024/12/12,10:58,11:29,Makwande,KR18VMGP,"Molatela Kgwele",4,23131,10999,10939,0,11512,26.90,840.0
2024-0073189,177599,2024/12/12,10:58,11:29,Makwande,KR18VMGP,"Molatela Kgwele",5,23131,5780,5749,0,5781,26.90,840.0
2024-0073195,177600,2024/12/12,10:59,11:40,"Unitrans Supply Chain Sols",CAA425307,"Cynthia Thala",1,23119,5490,5414,0,5490,31.10,750.0
2024-0073195,177600,2024/12/12,10:59,11:40,"Unitrans Supply Chain Sols",CAA425307,"Cynthia Thala",2,23119,5490,5416,0,5490,31.10,750.0
2024-0073195,177600,2024/12/12,10:59,11:40,"Unitrans Supply Chain Sols",CAA425307,"Cynthia Thala",3,23119,6259,6175,0,6259,31.10,750.0
2024-0073195,177600,2024/12/12,10:59,11:40,"Unitrans Supply Chain Sols",CAA425307,"Cynthia Thala",4,23119,12078,11918,0,12078,31.10,750.0
2024-0073195,177600,2024/12/12,10:59,11:40,"Unitrans Supply Chain Sols",CAA425307,"Cynthia Thala",5,23119,5820,5739,0,5820,31.10,750.0
2024-0073408,177601,2024/12/12,11:36,14:13,"Unitrans Supply Chain Sols",CAA182133,"Nkosinathi Zondo",1,22736,1956,1928,0,5533,31.50,750.0
2024-0073408,177601,2024/12/12,11:36,14:13,"Unitrans Supply Chain Sols",CAA182133,"Nkosinathi Zondo",2,22753,3759,3729,0,4940,28.80,840.0
2024-0073408,177601,2024/12/12,11:36,14:13,"Unitrans Supply Chain Sols",CAA182133,"Nkosinathi Zondo",3,22753,3596,3549,0,4940,28.80,840.0
2024-0073408,177601,2024/12/12,11:36,14:13,"Unitrans Supply Chain Sols",CAA182133,"Nkosinathi Zondo",4,22753,4943,4882,0,5830,28.80,840.0
2024-0073408,177601,2024/12/12,11:36,14:13,"Unitrans Supply Chain Sols",CAA182133,"Nkosinathi Zondo",5,22753,4466,4408,0,5830,28.80,840.0
2024-0073408,177601,2024/12/12,11:36,14:13,"Unitrans Supply Chain Sols",CAA182133,"Nkosinathi Zondo",6,22753,3330,3291,0,5830,28.80,840.0
2024-0073408,177601,2024/12/12,11:36,14:13,"Unitrans Supply Chain Sols",CAA182133,"Nkosinathi Zondo",7,22753,1567,1546,0,5830,28.80,840.0
2024-0073216,177602,2024/12/12,12:58,13:12,Makwande,KN23MGGP,"Victor Mashamaite",5,,0,0,0,5900,0.00,0.0
2024-0073216,177602,2024/12/12,12:58,13:12,Makwande,KN23MGGP,"Victor Mashamaite",3,,0,0,0,6700,0.00,0.0
2024-0073216,177602,2024/12/12,12:58,13:12,Makwande,KN23MGGP,"Victor Mashamaite",4,22753,10000,9939,0,10869,29.00,840.0
2024-0073216,177602,2024/12/12,12:58,13:12,Makwande,KN23MGGP,"Victor Mashamaite",1,22753,4999,4947,0,5336,29.00,840.0
2024-0073216,177602,2024/12/12,12:58,13:12,Makwande,KN23MGGP,"Victor Mashamaite",2,22753,4000,3966,0,5336,29.00,840.0
2024-0073225,177603,2024/12/12,13:20,13:56,"Unitrans Supply Chain Sols",CAA425318,"Wessels Mokoena",1,23119,5490,5383,0,5490,32.00,750.0
2024-0073225,177603,2024/12/12,13:20,13:56,"Unitrans Supply Chain Sols",CAA425318,"Wessels Mokoena",2,23119,5489,5406,0,5490,32.00,750.0
2024-0073225,177603,2024/12/12,13:20,13:56,"Unitrans Supply Chain Sols",CAA425318,"Wessels Mokoena",3,23119,5999,5919,0,6259,32.00,750.0
2024-0073225,177603,2024/12/12,13:20,13:56,"Unitrans Supply Chain Sols",CAA425318,"Wessels Mokoena",4,23119,11999,11839,0,12078,32.00,750.0
2024-0073225,177603,2024/12/12,13:20,13:56,"Unitrans Supply Chain Sols",CAA425318,"Wessels Mokoena",5,23119,5820,5742,0,5820,32.00,750.0
2024-0073234,177604,2024/12/12,14:34,14:52,"Unitrans Supply Chain Sols",CAA457059,"Wilson NKOSI",1,23119,5698,5593,0,5916,33.00,750.0
2024-0073234,177604,2024/12/12,14:34,14:52,"Unitrans Supply Chain Sols",CAA457059,"Wilson NKOSI",2,23119,5699,5614,0,5916,33.00,750.0
2024-0073234,177604,2024/12/12,14:34,14:52,"Unitrans Supply Chain Sols",CAA457059,"Wilson NKOSI",3,23119,5599,5519,0,5916,33.00,750.0
2024-0073296,177606,2024/12/12,19:25,21:45,Makwande,KS49VWGP,"Ludwick Mmatshoene Meso",2,23119,5398,5310,0,5425,30.10,750.0
2024-0073296,177606,2024/12/12,19:25,21:45,Makwande,KS49VWGP,"Ludwick Mmatshoene Meso",3,23119,5399,5354,0,5425,30.10,750.0
2024-0073296,177606,2024/12/12,19:25,21:45,Makwande,KS49WLGP,"Ludwick Mmatshoene Meso",1,23130,4000,3943,0,4300,27.40,750.0
2024-0073296,177606,2024/12/12,19:25,21:45,Makwande,KS49WLGP,"Ludwick Mmatshoene Meso",2,23130,3800,3760,0,4427,27.40,750.0
2024-0073296,177606,2024/12/12,19:25,21:45,Makwande,KS49WLGP,"Ludwick Mmatshoene Meso",3,23130,3000,2978,0,4095,27.40,750.0
2024-0073296,177606,2024/12/12,19:25,21:45,Makwande,KS49WLGP,"Ludwick Mmatshoene Meso",4,23130,3700,3675,0,3763,27.40,750.0
2024-0073296,177606,2024/12/12,19:25,21:45,Makwande,KS49VWGP,"Ludwick Mmatshoene Meso",1,23130,5000,4968,0,5533,27.40,750.0
2024-0073296,177606,2024/12/12,19:25,21:45,Makwande,KS49VWGP,"Ludwick Mmatshoene Meso",4,23131,5467,5429,0,6027,27.60,840.0
2024-0073296,177606,2024/12/12,19:25,21:45,Makwande,KS49VWGP,"Ludwick Mmatshoene Meso",5,23131,5500,5466,0,6027,27.60,840.0
2024-0073288,177608,2024/12/12,20:38,21:12,"Unitrans Supply Chain Sols",CAA425430,"Mavis Khanyisile Ndumo",1,23119,5490,5420,0,5490,31.20,750.0
2024-0073288,177608,2024/12/12,20:38,21:12,"Unitrans Supply Chain Sols",CAA425430,"Mavis Khanyisile Ndumo",2,23119,5490,5414,0,5490,31.20,750.0
2024-0073288,177608,2024/12/12,20:38,21:12,"Unitrans Supply Chain Sols",CAA425430,"Mavis Khanyisile Ndumo",3,23119,6000,5918,0,6259,31.20,750.0
2024-0073288,177608,2024/12/12,20:38,21:12,"Unitrans Supply Chain Sols",CAA425430,"Mavis Khanyisile Ndumo",4,23119,12000,11836,0,12078,31.20,750.0
2024-0073288,177608,2024/12/12,20:38,21:12,"Unitrans Supply Chain Sols",CAA425430,"Mavis Khanyisile Ndumo",5,23119,5821,5741,0,5820,31.20,750.0
2024-0073298,177609,2024/12/12,21:14,21:49,"Unitrans Supply Chain Sols",CAA548852,"Phillip Sphiwe Skosana",1,23130,5000,4930,0,5824,26.40,750.0
2024-0073298,177609,2024/12/12,21:14,21:49,"Unitrans Supply Chain Sols",CAA548852,"Phillip Sphiwe Skosana",2,23130,5000,4953,0,5824,26.40,750.0
2024-0073298,177609,2024/12/12,21:14,21:49,"Unitrans Supply Chain Sols",CAA548852,"Phillip Sphiwe Skosana",3,23130,5001,4968,0,5824,26.40,750.0
2024-0073298,177609,2024/12/12,21:14,21:49,"Unitrans Supply Chain Sols",CAA548852,"Phillip Sphiwe Skosana",4,23130,10001,9938,0,13440,26.40,750.0
2024-0073298,177609,2024/12/12,21:14,21:49,"Unitrans Supply Chain Sols",CAA548852,"Phillip Sphiwe Skosana",5,23130,10000,9939,0,13440,26.40,750.0
2024-0073299,177610,2024/12/12,21:57,22:15,"Unitrans Supply Chain Sols",CAA198211,"Timothy Zakhele Lukhele",1,23119,4200,4160,0,4300,29.30,750.0
2024-0073299,177610,2024/12/12,21:57,22:15,"Unitrans Supply Chain Sols",CAA198211,"Timothy Zakhele Lukhele",2,23119,4400,4349,0,4500,29.30,750.0
2024-0073299,177610,2024/12/12,21:57,22:15,"Unitrans Supply Chain Sols",CAA198211,"Timothy Zakhele Lukhele",3,23119,4300,4247,0,4400,29.30,750.0
2024-0073299,177610,2024/12/12,21:57,22:15,"Unitrans Supply Chain Sols",CAA198211,"Timothy Zakhele Lukhele",4,23119,3600,3556,0,3635,29.30,750.0
2024-0073300,177611,2024/12/12,21:51,22:19,Makwande,KP57DGGP,"Charles Magasha",1,23130,5970,5932,0,5976,25.20,750.0
2024-0073300,177611,2024/12/12,21:51,22:19,Makwande,KP57DGGP,"Charles Magasha",2,23130,12150,12073,0,12173,25.20,750.0
2024-0073300,177611,2024/12/12,21:51,22:19,Makwande,KP57DGGP,"Charles Magasha",3,23130,6300,6260,0,6751,25.20,750.0
2024-0073300,177611,2024/12/12,21:51,22:19,Makwande,KP57DGGP,"Charles Magasha",4,23131,11000,10939,0,11512,26.40,840.0
2024-0073300,177611,2024/12/12,21:51,22:19,Makwande,KP57DGGP,"Charles Magasha",5,23131,5599,5570,0,5781,26.40,840.0
2024-0073309,177612,2024/12/12,22:30,23:04,Makwande,KNF950MP,"Freddy Matebana",4,23130,10000,9938,0,13059,25.20,750.0
2024-0073309,177612,2024/12/12,22:30,23:04,Makwande,KNF950MP,"Freddy Matebana",5,23130,10000,9936,0,13059,25.20,750.0
2024-0073309,177612,2024/12/12,22:30,23:04,Makwande,KNF950MP,"Freddy Matebana",1,23131,5130,5105,0,5138,25.70,840.0
2024-0073309,177612,2024/12/12,22:30,23:04,Makwande,KNF950MP,"Freddy Matebana",2,23131,5130,5105,0,5138,25.70,840.0
2024-0073309,177612,2024/12/12,22:30,23:04,Makwande,KNF950MP,"Freddy Matebana",3,23131,5130,5105,0,5138,25.70,840.0
2024-0073308,177613,2024/12/12,22:21,22:57,Makwande,KN31RWGP,"Mbulungeni Malimagovha",5,23119,5500,5445,0,6424,28.20,750.0
2024-0073308,177613,2024/12/12,22:21,22:57,Makwande,KN31RWGP,"Mbulungeni Malimagovha",1,23130,5501,5472,0,6048,24.70,750.0
2024-0073308,177613,2024/12/12,22:21,22:57,Makwande,KN31RWGP,"Mbulungeni Malimagovha",2,23130,11600,11533,0,12320,24.70,750.0
2024-0073308,177613,2024/12/12,22:21,22:57,Makwande,KN31RWGP,"Mbulungeni Malimagovha",3,23130,5500,5467,0,6832,24.70,750.0
2024-0073308,177613,2024/12/12,22:21,22:57,Makwande,KN31RWGP,"Mbulungeni Malimagovha",4,23131,11600,11549,0,11650,25.10,840.0
2024-0073315,177614,2024/12/12,23:09,23:39,Makwande,KP09PHGP,"VUSI SKHOSANA",2,23130,8001,7953,0,12173,25.00,750.0
2024-0073315,177614,2024/12/12,23:09,23:39,Makwande,KP09PHGP,"VUSI SKHOSANA",3,23130,4000,3975,0,6751,25.00,750.0
2024-0073315,177614,2024/12/12,23:09,23:39,Makwande,KP09PHGP,"VUSI SKHOSANA",4,23130,8000,7951,0,12893,25.00,750.0
2024-0073315,177614,2024/12/12,23:09,23:39,Makwande,KP09PHGP,"VUSI SKHOSANA",5,23130,5400,5367,0,6475,25.00,750.0
2024-0073315,177614,2024/12/12,23:09,23:39,Makwande,KP09PHGP,"VUSI SKHOSANA",1,23131,5000,4977,0,5336,25.10,840.0
2024-0073318,177615,2024/12/13,23:51,00:34,Makwande,KN23MGGP,"Nokulunga Mahlangu",1,23119,5001,4951,0,5859,28.60,750.0
2024-0073318,177615,2024/12/13,23:51,00:34,Makwande,KN23MGGP,"Nokulunga Mahlangu",2,23119,4000,3955,0,5859,28.60,750.0
2024-0073318,177615,2024/12/13,23:51,00:34,Makwande,KN23MGGP,"Nokulunga Mahlangu",3,23130,4001,3978,0,6087,24.80,750.0
2024-0073318,177615,2024/12/13,23:51,00:34,Makwande,KN23MGGP,"Nokulunga Mahlangu",5,23130,4228,4202,0,5900,24.80,750.0
2024-0073318,177615,2024/12/13,23:51,00:34,Makwande,KN23MGGP,"Nokulunga Mahlangu",4,23131,10850,10804,0,10869,25.00,840.0
2024-0073321,177616,2024/12/13,00:23,00:58,Makwande,KS49WFGP,"Bongani Celimpilo Ndlovu",4,23119,3999,3978,0,6100,24.40,750.0
2024-0073321,177616,2024/12/13,00:23,00:58,Makwande,KS49XBGP,"Bongani Celimpilo Ndlovu",1,23130,4000,3976,0,4300,25.10,750.0
2024-0073321,177616,2024/12/13,00:23,00:58,Makwande,KS49XBGP,"Bongani Celimpilo Ndlovu",2,23130,3000,2981,0,4427,25.10,750.0
2024-0073321,177616,2024/12/13,00:23,00:58,Makwande,KS49XBGP,"Bongani Celimpilo Ndlovu",3,23130,3000,2981,0,4095,25.10,750.0
2024-0073321,177616,2024/12/13,00:23,00:58,Makwande,KS49XBGP,"Bongani Celimpilo Ndlovu",4,23130,3750,3726,0,3763,25.10,750.0
2024-0073321,177616,2024/12/13,00:23,00:58,Makwande,KS49WFGP,"Bongani Celimpilo Ndlovu",1,23130,4300,4273,0,5533,25.10,750.0
2024-0073321,177616,2024/12/13,00:23,00:58,Makwande,KS49WFGP,"Bongani Celimpilo Ndlovu",2,23130,4000,3975,0,5533,25.10,750.0
2024-0073321,177616,2024/12/13,00:23,00:58,Makwande,KS49WFGP,"Bongani Celimpilo Ndlovu",3,23130,4000,3974,0,5533,25.10,750.0
2024-0073321,177616,2024/12/13,00:23,00:58,Makwande,KS49WFGP,"Bongani Celimpilo Ndlovu",5,23131,5499,5474,0,6100,25.30,840.0
2024-0073314,177617,2024/12/12,23:13,23:41,Makwande,KN52WDGP,"Nelson Maseko",5,23119,5500,5450,0,6424,27.50,750.0
2024-0073314,177617,2024/12/12,23:13,23:41,Makwande,KN52WDGP,"Nelson Maseko",1,23130,6000,5962,0,6048,25.30,750.0
2024-0073314,177617,2024/12/12,23:13,23:41,Makwande,KN52WDGP,"Nelson Maseko",2,23130,12300,12222,0,12320,25.30,750.0
2024-0073314,177617,2024/12/12,23:13,23:41,Makwande,KN52WDGP,"Nelson Maseko",3,23130,6500,6458,0,6832,25.30,750.0
2024-0073314,177617,2024/12/12,23:13,23:41,Makwande,KN52WDGP,"Nelson Maseko",4,23131,11649,11592,0,11650,25.70,840.0
2024-0073317,177618,2024/12/13,23:46,00:17,Makwande,KN23LXGP,"Nicholas Ditlopo",1,23130,5800,5763,0,5840,25.30,750.0
2024-0073317,177618,2024/12/13,23:46,00:17,Makwande,KN23LXGP,"Nicholas Ditlopo",2,23130,5800,5762,0,5840,25.30,750.0
2024-0073317,177618,2024/12/13,23:46,00:17,Makwande,KN23LXGP,"Nicholas Ditlopo",3,23130,6100,6061,0,6619,25.30,750.0
2024-0073317,177618,2024/12/13,23:46,00:17,Makwande,KN23LXGP,"Nicholas Ditlopo",5,23130,5500,5464,0,5840,25.30,750.0
2024-0073317,177618,2024/12/13,23:46,00:17,Makwande,KN23LXGP,"Nicholas Ditlopo",4,23131,9100,9057,0,10602,25.50,840.0
2024-0073332,177619,2024/12/13,01:07,02:32,"Unitrans Supply Chain Sols",CAA425307,"Siyabonga Masondo",1,23119,5428,5394,0,5490,25.10,750.0
2024-0073332,177619,2024/12/13,01:07,02:32,"Unitrans Supply Chain Sols",CAA425307,"Siyabonga Masondo",2,23119,5400,5369,0,5490,25.10,750.0
2024-0073332,177619,2024/12/13,01:07,02:32,"Unitrans Supply Chain Sols",CAA425307,"Siyabonga Masondo",3,23119,6099,6061,0,6259,25.10,750.0
2024-0073332,177619,2024/12/13,01:07,02:32,"Unitrans Supply Chain Sols",CAA425307,"Siyabonga Masondo",4,23119,11999,11927,0,12078,25.10,750.0
2024-0073332,177619,2024/12/13,01:07,02:32,"Unitrans Supply Chain Sols",CAA425307,"Siyabonga Masondo",5,23119,5820,5783,0,5820,25.10,750.0
2024-0073334,177620,2024/12/13,02:40,02:53,"Unitrans Supply Chain Sols",CAA457059,"Manikiniki Shadrack Motaung",1,23119,5500,5469,0,5916,24.80,750.0
2024-0073334,177620,2024/12/13,02:40,02:53,"Unitrans Supply Chain Sols",CAA457059,"Manikiniki Shadrack Motaung",2,23119,5500,5467,0,5916,24.80,750.0
2024-0073334,177620,2024/12/13,02:40,02:53,"Unitrans Supply Chain Sols",CAA457059,"Manikiniki Shadrack Motaung",3,23119,5000,4970,0,5916,24.80,750.0
2024-0073323,177621,2024/12/13,00:45,01:14,Makwande,KN23LYGP,"Mohale Benjamin Motshena",5,23119,5944,5909,0,6100,24.80,750.0
2024-0073323,177621,2024/12/13,00:45,01:14,Makwande,KN23LYGP,"Mohale Benjamin Motshena",1,23130,5900,5865,0,6100,25.00,750.0
2024-0073323,177621,2024/12/13,00:45,01:14,Makwande,KN23LYGP,"Mohale Benjamin Motshena",2,23130,5900,5864,0,6100,25.00,750.0
2024-0073323,177621,2024/12/13,00:45,01:14,Makwande,KN23LYGP,"Mohale Benjamin Motshena",3,23130,6500,6460,0,7000,25.00,750.0
2024-0073323,177621,2024/12/13,00:45,01:14,Makwande,KN23LYGP,"Mohale Benjamin Motshena",4,23131,11100,11053,0,11857,25.00,840.0
2024-0073329,177622,2024/12/13,01:22,02:17,"Unitrans Supply Chain Sols",CAA425318,"Solomon Ngwenya",1,23119,5400,5369,0,5490,24.70,750.0
2024-0073329,177622,2024/12/13,01:22,02:17,"Unitrans Supply Chain Sols",CAA425318,"Solomon Ngwenya",2,23119,5399,5367,0,5490,24.70,750.0
2024-0073329,177622,2024/12/13,01:22,02:17,"Unitrans Supply Chain Sols",CAA425318,"Solomon Ngwenya",3,23119,6200,6168,0,6259,24.70,750.0
2024-0073329,177622,2024/12/13,01:22,02:17,"Unitrans Supply Chain Sols",CAA425318,"Solomon Ngwenya",4,23119,12000,11929,0,12078,24.70,750.0
2024-0073329,177622,2024/12/13,01:22,02:17,"Unitrans Supply Chain Sols",CAA425318,"Solomon Ngwenya",5,23119,5800,5765,0,5820,24.70,750.0
2024-0073337,177623,2024/12/13,03:06,03:29,"Unitrans Supply Chain Sols",CAA548852,"Phillip Sphiwe Skosana",4,23130,8000,7955,0,13440,24.10,750.0
2024-0073337,177623,2024/12/13,03:06,03:29,"Unitrans Supply Chain Sols",CAA548852,"Phillip Sphiwe Skosana",5,23130,8001,7965,0,13440,24.10,750.0
2024-0073337,177623,2024/12/13,03:06,03:29,"Unitrans Supply Chain Sols",CAA548852,"Phillip Sphiwe Skosana",1,23131,4000,3988,0,5200,23.90,840.0
2024-0073337,177623,2024/12/13,03:06,03:29,"Unitrans Supply Chain Sols",CAA548852,"Phillip Sphiwe Skosana",2,23131,3999,3986,0,5200,23.90,840.0
2024-0073337,177623,2024/12/13,03:06,03:29,"Unitrans Supply Chain Sols",CAA548852,"Phillip Sphiwe Skosana",3,23131,4000,3984,0,5200,23.90,840.0
2024-0073340,177624,2024/12/13,03:36,04:08,Makwande,KN67GLGP,"Mabu Thoka",5,23119,5900,5874,0,6348,23.60,750.0
2024-0073340,177624,2024/12/13,03:36,04:08,Makwande,KN67GLGP,"Mabu Thoka",1,23130,5000,4972,0,5976,24.80,750.0
2024-0073340,177624,2024/12/13,03:36,04:08,Makwande,KN67GLGP,"Mabu Thoka",2,23130,10601,10539,0,12173,24.80,750.0
2024-0073340,177624,2024/12/13,03:36,04:08,Makwande,KN67GLGP,"Mabu Thoka",3,23130,5000,4970,0,6751,24.80,750.0
2024-0073340,177624,2024/12/13,03:36,04:08,Makwande,KN67GLGP,"Mabu Thoka",4,23131,10900,10857,0,11512,24.60,840.0
2024-0073342,177625,2024/12/13,04:12,04:42,Makwande,KS49WLGP,"Ludwick Mmatshoene Meso",3,,0,0,0,4300,0.00,0.0
2024-0073342,177625,2024/12/13,04:12,04:42,Makwande,KS49VWGP,"Ludwick Mmatshoene Meso",3,,0,0,0,6100,0.00,0.0
2024-0073342,177625,2024/12/13,04:12,04:42,Makwande,KS49VWGP,"Ludwick Mmatshoene Meso",4,23130,3000,2983,0,6100,24.50,750.0
2024-0073342,177625,2024/12/13,04:12,04:42,Makwande,KS49VWGP,"Ludwick Mmatshoene Meso",5,23130,3001,2983,0,6100,24.50,750.0
2024-0073342,177625,2024/12/13,04:12,04:42,Makwande,KS49VWGP,"Ludwick Mmatshoene Meso",1,23130,3500,3482,0,5533,24.50,750.0
2024-0073342,177625,2024/12/13,04:12,04:42,Makwande,KS49VWGP,"Ludwick Mmatshoene Meso",2,23130,3001,2984,0,5533,24.50,750.0
2024-0073342,177625,2024/12/13,04:12,04:42,Makwande,KS49WLGP,"Ludwick Mmatshoene Meso",4,23131,3000,2986,0,3360,25.10,840.0
2024-0073342,177625,2024/12/13,04:12,04:42,Makwande,KS49WLGP,"Ludwick Mmatshoene Meso",1,23131,3500,3485,0,4249,25.10,840.0
2024-0073342,177625,2024/12/13,04:12,04:42,Makwande,KS49WLGP,"Ludwick Mmatshoene Meso",2,23131,3500,3485,0,3952,25.10,840.0
2024-0073359,177627,2024/12/13,08:10,08:34,Makwande,KN52WDGP,"Peter Motsena",1,23119,4486,4451,0,5929,26.20,750.0
2024-0073359,177627,2024/12/13,08:10,08:34,Makwande,KN52WDGP,"Peter Motsena",2,23130,12320,12225,0,12320,26.20,750.0
2024-0073359,177627,2024/12/13,08:10,08:34,Makwande,KN52WDGP,"Peter Motsena",3,23130,6500,6454,0,6832,26.20,750.0
2024-0073359,177627,2024/12/13,08:10,08:34,Makwande,KN52WDGP,"Peter Motsena",4,23131,11500,11442,0,11650,25.80,840.0
2024-0073359,177627,2024/12/13,08:10,08:34,Makwande,KN52WDGP,"Peter Motsena",5,23131,5700,5673,0,5850,25.80,840.0
2024-0073382,177628,2024/12/13,08:41,09:09,"Unitrans Supply Chain Sols",CAA548852,"Meshack Khupe",2,23119,5000,4958,0,5710,26.30,750.0
2024-0073382,177628,2024/12/13,08:41,09:09,"Unitrans Supply Chain Sols",CAA548852,"Meshack Khupe",3,23119,5000,4966,0,5710,26.30,750.0
2024-0073382,177628,2024/12/13,08:41,09:09,"Unitrans Supply Chain Sols",CAA548852,"Meshack Khupe",4,23130,13440,13334,0,13440,26.50,750.0
2024-0073382,177628,2024/12/13,08:41,09:09,"Unitrans Supply Chain Sols",CAA548852,"Meshack Khupe",5,23131,10000,9944,0,12000,26.40,840.0
2024-0073382,177628,2024/12/13,08:41,09:09,"Unitrans Supply Chain Sols",CAA548852,"Meshack Khupe",1,23131,5000,4973,0,5200,26.40,840.0
2024-0073391,177629,2024/12/13,09:28,09:51,"Unitrans Supply Chain Sols",CAA130019,"Vusimuzi Skhosana",1,23119,5000,4966,0,5490,26.00,750.0
2024-0073391,177629,2024/12/13,09:28,09:51,"Unitrans Supply Chain Sols",CAA130019,"Vusimuzi Skhosana",2,23119,4999,4965,0,5490,26.00,750.0
2024-0073391,177629,2024/12/13,09:28,09:51,"Unitrans Supply Chain Sols",CAA130019,"Vusimuzi Skhosana",3,23119,4999,4965,0,5490,26.00,750.0
2024-0073391,177629,2024/12/13,09:28,09:51,"Unitrans Supply Chain Sols",CAA130019,"Vusimuzi Skhosana",4,23119,9999,9931,0,13067,26.00,750.0
2024-0073391,177629,2024/12/13,09:28,09:51,"Unitrans Supply Chain Sols",CAA130019,"Vusimuzi Skhosana",5,23119,10000,9915,0,13067,26.00,750.0
2024-0073397,177631,2024/12/13,09:46,10:04,Makwande,KN31RWGP,"Moses Masombuka",1,23130,5500,5439,0,6048,27.90,750.0
2024-0073397,177631,2024/12/13,09:46,10:04,Makwande,KN31RWGP,"Moses Masombuka",2,23130,10000,9918,0,12320,27.90,750.0
2024-0073397,177631,2024/12/13,09:46,10:04,Makwande,KN31RWGP,"Moses Masombuka",3,23130,5400,5344,0,6832,27.90,750.0
2024-0073397,177631,2024/12/13,09:46,10:04,Makwande,KN31RWGP,"Moses Masombuka",4,23131,11200,11126,0,11650,27.40,840.0
2024-0073397,177631,2024/12/13,09:46,10:04,Makwande,KN31RWGP,"Moses Masombuka",5,23131,5800,5767,0,5850,27.40,840.0
2024-0073412,177632,2024/12/13,10:27,10:50,Makwande,KN23LYGP,"Mico Ngwenyame Thusane",1,22753,5001,4970,0,5632,26.60,840.0
2024-0073412,177632,2024/12/13,10:27,10:50,Makwande,KN23LYGP,"Mico Ngwenyame Thusane",2,22753,5001,4973,0,5632,26.60,840.0
2024-0073412,177632,2024/12/13,10:27,10:50,Makwande,KN23LYGP,"Mico Ngwenyame Thusane",3,22753,5000,4972,0,6423,26.60,840.0
2024-0073412,177632,2024/12/13,10:27,10:50,Makwande,KN23LYGP,"Mico Ngwenyame Thusane",4,22753,10000,9945,0,11857,26.60,840.0
2024-0073412,177632,2024/12/13,10:27,10:50,Makwande,KN23LYGP,"Mico Ngwenyame Thusane",5,22753,5001,4973,0,5632,26.60,840.0
2024-0073407,177634,2024/12/13,10:12,10:39,Makwande,KP09PHGP,"Isaac Mosia",1,23131,5300,5270,0,5336,26.80,840.0
2024-0073407,177634,2024/12/13,10:12,10:39,Makwande,KP09PHGP,"Isaac Mosia",2,23131,10869,10802,0,10869,26.80,840.0
2024-0073407,177634,2024/12/13,10:12,10:39,Makwande,KP09PHGP,"Isaac Mosia",3,23131,5500,5468,0,6027,26.80,840.0
2024-0073407,177634,2024/12/13,10:12,10:39,Makwande,KP09PHGP,"Isaac Mosia",4,23131,11500,11433,0,11512,26.80,840.0
2024-0073407,177634,2024/12/13,10:12,10:39,Makwande,KP09PHGP,"Isaac Mosia",5,23131,5781,5748,0,5781,26.80,840.0
2024-0073413,177635,2024/12/13,10:48,10:58,Makwande,JNG701MP,"Andile Mtshikwana",1,22736,3000,2966,0,4368,28.80,750.0
2024-0073413,177635,2024/12/13,10:48,10:58,Makwande,JNG701MP,"Andile Mtshikwana",2,22736,3000,2967,0,4368,28.80,750.0
2024-0073413,177635,2024/12/13,10:48,10:58,Makwande,JNG701MP,"Andile Mtshikwana",3,22736,3000,2968,0,4431,28.80,750.0
2024-0073413,177635,2024/12/13,10:48,10:58,Makwande,JNG701MP,"Andile Mtshikwana",4,22736,3000,2970,0,4480,28.80,750.0
2024-0073427,177636,2024/12/13,11:05,11:53,Makwande,KS49WFGP,"Patrick Mighty Mazibuko",2,22735,5000,4919,0,5533,33.30,750.0
2024-0073427,177636,2024/12/13,11:05,11:53,Makwande,KS49XBGP,"Patrick Mighty Mazibuko",1,22736,3999,3961,0,4300,26.70,750.0
2024-0073427,177636,2024/12/13,11:05,11:53,Makwande,KS49XBGP,"Patrick Mighty Mazibuko",2,22736,4000,3967,0,4427,26.70,750.0
2024-0073427,177636,2024/12/13,11:05,11:53,Makwande,KS49XBGP,"Patrick Mighty Mazibuko",3,22736,4000,3968,0,4095,26.70,750.0
2024-0073427,177636,2024/12/13,11:05,11:53,Makwande,KS49XBGP,"Patrick Mighty Mazibuko",4,22736,3763,3734,0,3763,26.70,750.0
2024-0073427,177636,2024/12/13,11:05,11:53,Makwande,KS49WFGP,"Patrick Mighty Mazibuko",1,22736,3999,3969,0,5533,26.70,750.0
2024-0073427,177636,2024/12/13,11:05,11:53,Makwande,KS49WFGP,"Patrick Mighty Mazibuko",3,22753,4940,4904,0,4940,27.60,840.0
2024-0073427,177636,2024/12/13,11:05,11:53,Makwande,KS49WFGP,"Patrick Mighty Mazibuko",4,22753,5000,4969,0,6100,27.60,840.0
2024-0073427,177636,2024/12/13,11:05,11:53,Makwande,KS49WFGP,"Patrick Mighty Mazibuko",5,22753,5000,4969,0,6100,27.60,840.0
2024-0073424,177637,2024/12/13,11:18,11:48,Makwande,KN23LXGP,"WILSON SEGWAPA",5,23119,5499,5433,0,5725,29.80,750.0
2024-0073424,177637,2024/12/13,11:18,11:48,Makwande,KN23LXGP,"WILSON SEGWAPA",1,23130,5840,5784,0,5840,26.80,750.0
2024-0073424,177637,2024/12/13,11:18,11:48,Makwande,KN23LXGP,"WILSON SEGWAPA",2,23130,5842,5797,0,5840,26.80,750.0
2024-0073424,177637,2024/12/13,11:18,11:48,Makwande,KN23LXGP,"WILSON SEGWAPA",3,23130,6503,6455,0,6619,26.80,750.0
2024-0073424,177637,2024/12/13,11:18,11:48,Makwande,KN23LXGP,"WILSON SEGWAPA",4,23131,10602,10509,0,10602,30.30,840.0
2024-0073430,177638,2024/12/13,11:47,12:33,Makwande,KS49WLGP,"Adam Mohlahlo",1,23130,4200,4158,0,4300,27.50,750.0
2024-0073430,177638,2024/12/13,11:47,12:33,Makwande,KS49WLGP,"Adam Mohlahlo",2,23130,4400,4359,0,4427,27.50,750.0
2024-0073430,177638,2024/12/13,11:47,12:33,Makwande,KS49WLGP,"Adam Mohlahlo",3,23130,4096,4060,0,4095,27.50,750.0
2024-0073430,177638,2024/12/13,11:47,12:33,Makwande,KS49WLGP,"Adam Mohlahlo",4,23130,3764,3733,0,3763,27.50,750.0
2024-0073430,177638,2024/12/13,11:47,12:33,Makwande,KS49VWGP,"Adam Mohlahlo",1,23131,4380,4342,0,4940,28.50,840.0
2024-0073430,177638,2024/12/13,11:47,12:33,Makwande,KS49VWGP,"Adam Mohlahlo",2,23131,4000,3967,0,4940,28.50,840.0
2024-0073430,177638,2024/12/13,11:47,12:33,Makwande,KS49VWGP,"Adam Mohlahlo",3,23131,4000,3971,0,4940,28.50,840.0
2024-0073430,177638,2024/12/13,11:47,12:33,Makwande,KS49VWGP,"Adam Mohlahlo",4,23131,5000,4967,0,6027,28.50,840.0
2024-0073430,177638,2024/12/13,11:47,12:33,Makwande,KS49VWGP,"Adam Mohlahlo",5,23131,5000,4968,0,6027,28.50,840.0
